detected_at,kind,key,source,number,from,to,title,link
2026-09-28T22:02:59Z,STATUS,anaheim:BLD2026-03296,anaheim-accela,BLD2026-03296,Issued,Finaled,DCA - East Block Complex - Electrical: Provide dimmer circuits to socapex cabinet.,https://aca-prod.accela.com/ANAHEIM/Cap/CapHome.aspx?module=Building&TabName=Building
2026-09-28T22:02:59Z,STATUS,anaheim:BLD2026-04008,anaheim-accela,BLD2026-04008,Issued,Finaled,DLR - Fantasyland Theater - Tenant Improvement: Remove (4) truss mounted speakers and shrouding and replace with (3) truss mounted speakers and shrouding. Install (2) speakers mounted on to existing side fencing.,https://aca-prod.accela.com/ANAHEIM/Cap/CapHome.aspx?module=Building&TabName=Building
2026-09-28T22:02:59Z,STATUS,anaheim:BLD2026-03525,anaheim-accela,BLD2026-03525,Issued,Finaled,DLR - West Facility Kitchen - Electrical: Install new receptacle for kitchen equipment.,https://aca-prod.accela.com/ANAHEIM/Cap/CapHome.aspx?module=Building&TabName=Building
2026-09-28T22:02:59Z,STATUS,anaheim:BLD2026-03668-REV02,anaheim-accela,BLD2026-03668-REV02,Plan Review,Closed,DLR - Rise of the Resistance - Plumbing: Remove existing domestic water piping and install new.,https://aca-prod.accela.com/ANAHEIM/Cap/CapHome.aspx?module=Building&TabName=Building
2026-09-28T22:02:59Z,NEW,anaheim:BLD2026-04453,anaheim-accela,BLD2026-04453,,Issued,DLR - Mickey and Friends Parking Structure - Tenant Improvement: Install electrical and anchorage to support security camera upgrades.,https://aca-prod.accela.com/ANAHEIM/Cap/CapHome.aspx?module=Building&TabName=Building
2026-09-28T22:02:59Z,STATUS,anaheim:BLD2025-06370-REV01,anaheim-accela,BLD2025-06370-REV01,Plan Review,Closed,DLR - East Chiller Plant - Non Residential Addition: 90 sq ft addition to existing equipment enclosure. Replace sand filter on new concrete pad. With mechanical and electrical.,https://aca-prod.accela.com/ANAHEIM/Cap/CapHome.aspx?module=Building&TabName=Building
2026-09-29T01:59:09Z,NEW,anaheim:BLD2026-04765,anaheim-accela,BLD2026-04765,,Plan Review,"DLR - Leia Building/BLDG #9050 - Tenant Improvement: 9,890 sq ft interior remodel at first floor office, break room and restrooms. With electrical and mechanical.",https://aca-prod.accela.com/ANAHEIM/Cap/CapHome.aspx?module=Building&TabName=Building
2026-09-29T01:59:09Z,STATUS,anaheim:BLD2026-00321-REV01,anaheim-accela,BLD2026-00321-REV01,Plan Review,Closed,DLR - Lilo and Stitch Parking Lot - Site Work: Install new gate arm and (2) light poles at new rideshare area. With electrical.,https://aca-prod.accela.com/ANAHEIM/Cap/CapHome.aspx?module=Building&TabName=Building
2026-09-29T18:39:20Z,STATUS,anaheim:BLD2025-04584-REV25,anaheim-accela,BLD2025-04584-REV25,Plan Review,Approved,"DCA - 760 Block/BLDG #761 - New Commercial Construction: 110,757 sq. ft. attraction building with restrooms, offices and breakroom. Construct 3,425 sq. ft. of canopies and (9) awnings.",https://aca-prod.accela.com/ANAHEIM/Cap/CapHome.aspx?module=Building&TabName=Building
